{"cameraMode":{"drawMode":0,"name":"Shaded","section":"Shading Mode"},"sceneLighting":true,"audioPlay":false,"sceneViewState":{"m_AlwaysRefresh":false,"showFog":true,"showSkybox":true,"showFlares":true,"showImageEffects":true,"showParticleSystems":true,"showVisualEffectGraphs":true,"m_FxEnabled":true},"in2DMode":false,"pivot":{"x":875.9722290039063,"y":909.4439086914063,"z":26.898284912109376},"rotation":{"x":-0.09238924831151962,"y":-0.12897434830665589,"z":0.012069683521986008,"w":-0.9872613549232483},"size":152.06906127929688,"orthographic":false}